{
	"pattrstorage" : 	{
		"name" : "sbatch",
		"slots" : 		{
			"1" : 			{
				"id" : 1,
				"data" : 				{
					"advanced" : [ 1 ],
					"batch" : [ 0 ],
					"serialosc-left::u418000726" : [  ],
					"serialosc-left::deviceid" : [ 0 ],
					"serialosc-right::u691000731" : [  ],
					"serialosc-right::deviceid" : [ 0 ],
					"0route-cell::0fileload" : [ 0 ],
					"0route-cell::0presetload" : [ 0 ],
					"0route-cell::0filepath" : [ 0 ],
					"0route-cell::0prefixselect" : [ "---" ],
					"1route-cell::1fileload" : [ 0 ],
					"1route-cell::1presetload" : [ 0 ],
					"1route-cell::1filepath" : [ 0 ],
					"1route-cell::1prefixselect" : [ "---" ],
					"2route-cell::2fileload" : [ 0 ],
					"2route-cell::2presetload" : [ 0 ],
					"2route-cell::2filepath" : [ 0 ],
					"2route-cell::2prefixselect" : [ "---" ],
					"3route-cell::3fileload" : [ 0 ],
					"3route-cell::3presetload" : [ 0 ],
					"3route-cell::3filepath" : [ 0 ],
					"3route-cell::3prefixselect" : [ "---" ],
					"4route-cell::4fileload" : [ 0 ],
					"4route-cell::4presetload" : [ 0 ],
					"4route-cell::4filepath" : [ 0 ],
					"4route-cell::4prefixselect" : [ "---" ],
					"5route-cell::5fileload" : [ 0 ],
					"5route-cell::5presetload" : [ 0 ],
					"5route-cell::5filepath" : [ 0 ],
					"5route-cell::5prefixselect" : [ "---" ],
					"6route-cell::6fileload" : [ 0 ],
					"6route-cell::6presetload" : [ 0 ],
					"6route-cell::6filepath" : [ 0 ],
					"6route-cell::6prefixselect" : [ "---" ],
					"7route-cell::7fileload" : [ 0 ],
					"7route-cell::7presetload" : [ 0 ],
					"7route-cell::7filepath" : [ 0 ],
					"7route-cell::7prefixselect" : [ "---" ]
				}

			}

		}

	}

}
